{"time": [0.0, 0.016666666666666666, 0.03333333333333333, 0.05, 0.06666666666666667, 0.08333333333333333, 0.1, 0.11666666666666667, 0.13333333333333333, 0.15, 0.16666666666666666, 0.18333333333333332, 0.2, 0.21666666666666667, 0.23333333333333334, 0.25, 0.26666666666666666, 0.2833333333333333, 0.3, 0.31666666666666665, 0.3333333333333333, 0.35, 0.36666666666666664, 0.38333333333333336, 0.4, 0.4166666666666667, 0.43333333333333335, 0.45, 0.4666666666666667, 0.48333333333333334, 0.5, 0.5166666666666667, 0.5333333333333333, 0.55, 0.5666666666666667, 0.5833333333333334, 0.6, 0.6166666666666667, 0.6333333333333333, 0.65, 0.6666666666666666, 0.6833333333333333, 0.7, 0.7166666666666667, 0.7333333333333333, 0.75], "energy": [7.312026608893812e-05, 7.998096535984504e-05, 6.782314400622234e-05, 7.72957678449816e-05, 6.716987318025624e-05, 7.051047653992936e-05, 7.109311399415006e-05, 7.49338464572025e-05, 7.611201715955452e-05, 7.769321922648571e-05, 6.953855626119251e-05, 8.764522986210519e-05, 7.449540906356991e-05, 3.414734080086058e-05, 2.7743078207525263e-05, 0.0013325320511544806, 4.04122958556402e-05, 5.884076395619826e-05, 8.995043983754596e-05, 7.239455796054578e-05, 6.532729673594923e-05, 4.116557596057963e-05, 1.967378824100186e-05, 9.28683026947765e-06, 1.679775517305693e-05, 1.3576598237381137e-05, 4.147828216591432e-06, 3.489450207381497e-06, 3.854869134478711e-06, 1.6592952808317e-05, 8.579301362316302e-06, 1.0922805646411753e-06, 8.029016295867369e-07, 7.690896631827934e-07, 0.00037234373192494244, 7.093866822008856e-05, 4.026092768371595e-06, 8.660558861809644e-06, 2.1743762201978597e-05, 3.933692945816367e-06, 2.186610607237123e-05, 0.00013091065251658051, 0.00010103801846123305, 9.081049912747677e-05, 2.982530073406749e-05]}