{"time": [0.0, 0.016666666666666666, 0.03333333333333333, 0.05, 0.06666666666666667, 0.08333333333333333, 0.1], "energy": [0.0017734165510080084, 0.0021778370947183674, 0.0012016306570645588, 0.003283172297404957, 0.0005538342572629055, 0.0007304192869419329]}